"earn","height","sex","race","ed","age"
127314.078417638,73.89,"male","white",16,49
154235.181829297,66.23,"female","white",16,62
77937.0671158256,63.77,"female","white",16,33
128764.953844134,63.22,"female","other",16,95
131342.952797332,63.08,"female","white",17,43
24501.3646422947,64.53,"female","white",15,30
75366.6749139669,61.54,"female","white",12,53
81536.086851317,73.29,"male","white",17,50
5140.23928968624,72.24,"male","hispanic",15,25
68794.6206150461,72.4,"male","white",12,30
16525.7901481672,70.22,"male","white",16,69
1603.69144818942,63.15,"female","white",14,54
76156.5117819358,68.11,"male","white",11,38
30431.2676776106,68.08,"male","white",12,31
32102.394621956,64.86,"female","white",12,55
1588.53175408516,60.06,"female","white",12,31
57555.4737972221,66.01,"female","white",16,39
43088.8703429522,68.07,"male","white",12,62
103363.302355877,68.16,"female","white",14,33
111989.908911709,70.02,"male","white",13,48
1600.34929000338,67.08,"female","white",9,25
19410.9153844022,64.2,"female","black",12,59
134757.436669769,72.76,"male","black",13,39
14319.1598967622,62.17,"female","white",13,55
37245.3172448971,63.04,"female","white",14,25
14000.2226960032,66.67,"male","white",14,26
103349.759688642,65.95,"female","white",12,45
86527.7039126446,71.69,"male","white",12,49
27033.7600696482,62.76,"female","black",12,39
-153.136446770031,68.46,"male","white",11,25
70302.1721674475,64.07,"female","white",16,64
1606.5529819069,60,"female","white",12,48
127164.874908968,71.97,"male","white",16,42
1575.61890128261,68.25,"female","white",12,59
104380.432076248,76.68,"male","white",16,37
1566.19534534357,63.77,"female","white",10,23
39752.6857467978,63.96,"female","white",14,29
65206.564757805,63.72,"female","white",12,37
190801.688191742,71.92,"male","white",17,43
68692.8196083067,68.12,"male","white",17,35
32141.2983430781,64.48,"female","white",12,30
20678.7583964526,60.94,"female","white",14,82
77909.5676743163,67.19,"female","black",14,35
55012.9629585072,65.05,"female","white",12,61
70285.4717330518,64.17,"female","white",14,30
9251.5983175216,66.49,"female","white",15,69
65213.6923561877,65.58,"female","white",12,34
62660.600723348,64.93,"female","white",12,45
83034.9546721184,67.02,"female","white",18,33
27048.2253742824,67.49,"female","white",17,34
1601.58577735107,70.03,"female","white",12,61
29596.5662288114,60.61,"female","hispanic",12,25
49184.764859024,64.92,"female","white",13,36
52485.508303265,62,"female","white",12,33
8847.15439746382,72.16,"male","white",10,22
32951.5379376656,66.35,"male","black",8,60
63706.4003244232,70.09,"male","white",12,69
53324.158053143,70.05,"male","white",17,45
88108.4689909949,68.49,"female","white",17,53
16872.7203963256,60.13,"female","white",12,69
43166.876277965,71.15,"male","white",12,32
89014.6714864994,70.77,"male","white",12,36
10208.1463699676,72.87,"male","white",13,22
37222.9987038418,68,"female","white",14,59
27069.1502658402,65.64,"female","white",12,61
63482.0231996515,68.74,"male","white",16,33
1590.61360618226,63.02,"female","white",8,67
42273.3316056829,62.8,"female","white",14,31
1578.31886575079,65.99,"female","black",13,34
1579.18980408148,64.66,"female","white",12,30
40881.2094520994,62.04,"male","hispanic",14,32
43576.4288278174,64.24,"female","white",14,47
11766.4858115576,63.82,"female","white",9,72
11362.1186539794,66.95,"female","white",9,56
56066.7288012597,71.28,"male","white",12,43
2110.20088556846,59.63,"female","white",16,57
67749.3503501542,66.34,"female","white",16,31
7976.39362628859,66,"female","white",15,25
44836.2218652264,65.49,"female","white",14,43
21967.4752393467,69.96,"female","white",13,26
1586.55994603607,64.79,"female","white",13,67
32119.6367732154,66.35,"female","white",13,72
27042.6494067213,62.09,"female","white",12,51
27038.7494674821,65.83,"female","white",15,71
1598.94095541632,63.78,"female","white",14,42
38130.4506460394,71.81,"male","white",12,43
7700.34445034941,67.12,"female","hispanic",8,43
76387.4004396166,68.19,"male","hispanic",12,36
76248.9451588304,69.76,"male","white",12,37
27028.2971219334,61.91,"female","white",12,42
14295.1400483262,63.29,"female","white",13,30
32159.8749498536,65.48,"female","white",13,67
52485.2841499739,69.75,"female","white",10,65
52498.9797955976,68.09,"female","white",12,40
50825.4348502139,70.21,"male","white",14,27
1601.60070192478,65.99,"female","white",12,63
4651.53026726192,66.23,"female","white",12,24
3385.0814349181,67.79,"female","white",16,36
51015.8547816157,69.94,"male","white",16,31
27048.0353279795,60.75,"female","hispanic",12,26
77898.1363702043,62.9,"female","white",12,77
103370.1176344,63.47,"female","white",14,60
63601.9104475336,67.14,"male","white",12,93
27010.7426582627,60.66,"female","white",17,83
154212.624145296,69.55,"female","white",18,67
1577.96578200864,63.46,"female","white",12,25
47390.1201991818,67.83,"female","white",12,70
42400.3887298587,64.39,"female","white",12,37
39767.956381037,67.01,"female","black",14,34
25416.8312167882,68.79,"male","white",17,27
85541.7957637731,67.05,"female","white",13,47
47404.5155263659,67.83,"female","white",12,34
39749.0797769678,63.03,"female","white",12,41
53501.1361418981,70.97,"male","white",12,26
54998.5265563651,63.91,"female","black",17,47
94134.6669610122,68.22,"male","white",11,41
98286.6966493282,68.43,"female","white",17,48
44823.5752896504,65.53,"female","hispanic",14,47
1570.65072585259,66.13,"female","white",12,33
1593.8913780606,66.31,"female","other",16,36
81479.4533766795,77.12,"male","white",16,34
71567.384074681,67.17,"female","white",12,62
43557.3851124962,62.11,"female","white",12,48
1612.33580825278,64.5,"female","white",17,34
1594.92576287434,71.96,"female","white",12,55
65200.0362295118,67.42,"female","white",18,39
70287.1266990379,61.17,"female","white",18,47
14319.4736251635,63.6,"female","white",12,32
179695.457174515,61.91,"female","white",16,42
14303.2879620937,62.83,"female","white",12,44
12692.1136543048,67.83,"male","white",16,28
52481.283755969,63.71,"female","white",15,30
10174.4095728897,71.36,"male","white",15,25
154212.922277316,64,"female","white",16,39
14348.6023556733,60.96,"female","white",13,35
76307.0023362659,74.21,"male","white",12,42
178053.21505073,70.25,"male","white",14,39
127171.105305682,71.08,"male","white",16,45
113536.547341324,62.85,"female","white",12,43
77955.468351728,63.61,"female","white",14,47
1596.62578011103,62.03,"female","white",16,36
27059.448911172,62.08,"female","white",16,44
60117.2785164661,70.15,"female","white",17,46
1608.17155214245,62.1,"female","white",12,43
114476.940252573,70.76,"male","white",17,66
38206.0978946184,71.04,"male","white",14,35
11751.9321265418,69.86,"female","white",14,75
43004.592284925,67.02,"male","white",14,35
77933.6410028752,64.16,"female","white",12,36
71537.823256197,67.09,"female","white",12,34
16071.5560233758,62.1,"female","white",8,73
47377.882824065,61.76,"female","hispanic",13,60
109211.034742534,67.95,"male","black",13,48
83022.3540941035,62.5,"female","black",14,48
1592.74521150613,66.19,"female","black",5,55
27019.433166075,68.16,"female","black",18,60
152719.376360725,74.23,"male","white",13,49
55013.9272327939,68.07,"female","other",12,54
7692.53012988613,61.74,"female","white",16,26
4140.21096488677,65.9,"female","white",15,32
68676.1086962222,68.18,"male","white",12,31
18377.5912293733,60.18,"female","hispanic",14,32
40715.9444832224,67.55,"male","white",8,47
228953.36342171,72.09,"male","white",12,30
21952.8085876542,66.27,"female","white",12,46
50926.861320637,67.86,"male","white",10,36
39773.1631901523,67.47,"female","white",12,22
32126.3459051594,69.1,"female","white",12,64
62664.3811274442,64.15,"female","white",16,50
52471.2650363382,65.02,"female","white",14,43
49931.920143603,61.19,"female","white",12,50
25552.41956328,71.89,"male","white",12,53
103376.572769029,66.19,"female","white",16,38
1586.60625548898,61.91,"female","white",10,61
1592.14545692287,59.91,"female","hispanic",10,52
63654.3151183944,67.85,"male","white",14,68
63495.3986029115,70.08,"male","white",12,28
63559.4897613421,71.13,"male","white",14,36
48322.427590567,71.51,"male","white",16,65
112082.801431845,68.28,"male","white",16,52
1612.73143354259,65.81,"female","white",12,23
1620.68984387925,63.07,"female","white",18,59
39766.7257587978,60.32,"female","white",14,53
44858.036935923,63.06,"female","white",12,40
61117.2012853312,67.61,"male","white",12,60
60136.8337817781,63.65,"female","white",12,41
33005.2728299379,70.44,"male","white",12,78
165401.404506186,67.81,"male","white",16,50
19407.1425848027,60.95,"female","white",12,67
101817.051341017,67.78,"male","white",18,67
39750.0069310341,66.4,"female","white",17,47
50872.9260998506,69.7,"male","white",16,29
50963.5299608758,70.62,"male","white",12,54
52487.4472798038,64.76,"female","white",12,46
65195.4252552525,66.06,"female","white",12,53
124623.322230845,69.9,"male","white",13,41
1616.30543918552,63.84,"female","white",12,40
1615.5069910748,63,"female","white",16,39
65201.4128842189,61.39,"female","white",12,69
29569.0919259656,66.26,"female","white",14,61
42277.0069490178,60.8,"female","white",15,42
88915.2579412734,72,"male","white",14,47
318136.694163613,74.22,"male","white",18,49
60106.4587004424,66.83,"female","white",12,51
44835.5800234509,66.01,"female","white",16,32
1626.38562137978,62.09,"female","white",13,35
70294.141389376,62.21,"female","white",12,45
178083.080144376,72.23,"male","white",14,36
90622.859984401,65.17,"female","white",15,51
27038.7691972781,60.07,"female","white",12,66
90634.4924837818,61.91,"female","white",15,43
39773.2757935205,66.01,"female","white",12,42
32104.4864024918,64.06,"female","white",12,43
20225.8373883965,71.01,"male","white",12,72
21987.7973113904,65.32,"female","white",12,54
88920.1453091626,73.15,"male","white",18,54
114400.958271814,68.92,"male","white",11,55
1595.3159304258,64.04,"female","white",12,62
39753.1827378058,64.09,"female","white",14,26
39729.8311427203,61.37,"female","white",12,81
62629.7722587808,67.06,"female","white",18,55
65232.9376257269,61.68,"female","white",13,36
65223.6456782899,62.82,"female","black",14,58
50764.3257358688,66.64,"male","other",10,32
62646.8071132582,67.86,"female","white",12,28
111843.960338728,72.3,"male","white",16,50
175533.998116406,69.94,"male","white",12,42
157656.170924001,69.96,"male","white",18,48
81471.4780867528,67.17,"male","black",14,36
52496.0703364602,62.83,"female","black",12,37
83028.7078208037,65.68,"female","other",18,39
65209.7111971376,65.9,"female","white",17,54
432441.430732718,71.07,"male","white",18,49
1601.96018839098,66.07,"female","black",11,33
89165.7438652899,66.9,"male","white",16,37
101626.046966516,76.48,"male","black",16,42
83902.2767427248,68.71,"male","white",14,34
47384.9846012747,65.41,"female","white",12,26
77913.0542365845,61.92,"female","white",13,47
67746.8628696274,61.97,"female","white",12,35
14339.8439294227,61.72,"female","white",12,25
52481.0169128362,62.29,"female","white",16,77
44818.6267266614,60.95,"female","white",12,34
83006.1012700242,65.16,"female","white",14,32
38189.0358314293,72,"male","white",14,26
1569.91184014796,65.92,"female","white",17,45
127216.545058178,72.13,"male","white",14,59
21955.4261814624,63.85,"female","white",12,43
101909.457741141,71.29,"male","white",14,55
101776.75999806,72.43,"male","white",15,45
83336.8471439138,65.85,"male","white",12,38
52485.5667686659,65,"female","white",14,73
93168.9406779174,64.9,"female","black",15,43
16868.6243351219,61.48,"female","white",12,68
32152.8733289309,65.97,"female","black",14,38
152688.976673674,66.78,"male","white",14,67
103380.906916533,64.3,"female","white",13,48
111013.481360484,63.28,"female","white",12,42
116078.979203594,67.36,"female","white",16,38
16836.6680011077,67.83,"female","white",18,43
21949.527027289,64.51,"female","other",10,86
52475.1213948507,63.87,"female","black",13,43
43303.2797107696,66.1,"male","black",12,27
6691.83077590475,65.48,"female","white",12,36
165383.162230629,64.43,"male","white",12,32
127151.492278063,72.13,"male","white",12,45
1597.8920933682,67.92,"female","white",11,58
1597.89519284318,62.69,"female","white",11,33
29564.448534245,67.83,"female","white",12,42
89005.1694766928,74.41,"male","white",18,34
68542.177234341,63.1,"male","white",12,37
10504.5299757481,63.75,"female","white",12,65
106938.816406884,68.19,"male","white",12,41
52480.8573477808,66.94,"female","white",18,33
39755.9481197458,66.65,"female","white",12,33
25375.2503115061,72.86,"male","white",12,25
1605.82667891669,62.21,"female","white",12,52
15184.4750471774,69.22,"male","white",8,82
44851.4989816298,64.95,"female","hispanic",16,27
88942.5509003302,68.9,"male","hispanic",16,69
71225.7800046768,77.02,"male","white",14,32
39757.6240376402,68.07,"female","white",12,37
52511.7629504013,62.2,"female","white",17,28
52491.9466702165,64.07,"female","white",12,33
26674.4018007646,66.55,"male","hispanic",12,46
32880.1840617349,70.19,"male","white",16,26
27030.6326747029,62.2,"female","white",12,56
9230.28265389693,62.71,"female","white",12,41
62652.1310690778,61.99,"female","white",14,33
1597.60541984603,62.81,"female","white",17,45
44839.3616221059,68.84,"female","white",13,39
29590.553819261,64.28,"female","white",12,52
1646.07473437424,64.52,"female","white",14,41
83014.355431264,68.63,"female","white",14,44
44856.2625030102,59.06,"female","white",15,30
9223.72224172245,66.36,"female","other",12,39
1600.7015157923,64.97,"female","white",12,45
6928.9012389596,62,"female","black",12,25
8068.59661553896,75.18,"male","black",11,38
44870.4281691824,62.99,"female","white",17,30
77914.7031965163,65.03,"female","white",13,32
38069.754059807,70.02,"male","white",12,36
62671.5529765286,68.32,"female","white",16,46
27023.2253682677,65.01,"female","white",14,71
127151.443866073,69.22,"male","white",8,57
127233.649584973,71.7,"male","white",16,57
52497.7874573866,63.65,"female","white",17,53
77908.3273473714,62.84,"female","hispanic",18,58
1601.30641596706,63.41,"female","white",12,67
1631.23480198338,65.4,"female","white",10,52
1577.68813351339,63.07,"female","white",5,62
57577.6209606054,73.2,"female","white",14,49
68645.4108505995,74.77,"male","white",12,28
11782.2323224046,65.14,"female","white",12,42
46126.2227219589,66.55,"female","white",17,30
43552.1194128043,65.93,"female","white",14,32
72839.0256897424,63.91,"female","white",16,43
133892.741647856,66.1,"female","white",18,54
39766.8579852235,63.68,"female","white",16,33
49936.0720319253,62.71,"female","white",13,36
1598.0684911798,62.75,"female","white",13,48
68535.1206904917,72.72,"male","white",12,27
38068.890921367,72,"male","white",8,62
1607.50110812102,66.06,"female","white",12,28
38197.7077049851,71.94,"male","white",14,37
38457.5343842848,63.9,"female","white",12,59
62639.7003389742,64.24,"female","white",13,34
45730.7516151786,68.16,"male","white",15,40
11762.1795897195,61.96,"female","white",12,72
11760.5502334589,68.48,"female","white",13,61
3357.2520910635,59.46,"female","white",12,40
62671.6002163149,64.79,"female","white",12,95
68682.2191327566,76.09,"male","white",12,43
32146.3890678242,71.41,"female","white",12,39
57576.3208014277,62.08,"female","white",18,51
77917.1268315112,62.21,"female","white",13,40
88987.1559657819,71.55,"male","white",12,65
50938.4495347592,73.79,"male","white",12,46
83036.0913850992,65.16,"female","white",16,36
16904.1285568976,62.79,"female","other",12,35
32134.981030933,66.52,"female","white",12,43
1582.91972802373,65.05,"female","white",16,48
27029.8409900384,62.93,"female","white",12,35
4133.40217596533,65.01,"female","white",12,22
32092.7151891338,63.83,"female","white",15,75
42295.2570075771,65.19,"female","white",12,40
1585.01252783852,67.9,"female","white",16,45
65169.2590689629,62.87,"female","white",16,37
65202.9753545678,69.96,"female","white",12,31
81493.5807173382,68.62,"male","white",12,34
88995.0998603379,66.75,"male","white",14,47
16862.1387504533,65.05,"female","white",12,32
203537.004280178,69.39,"male","white",14,48
52479.3408520278,67.7,"female","white",14,29
4157.33756402502,66.37,"female","white",17,42
71204.3000560822,71.38,"male","hispanic",13,42
66065.1251255322,63.87,"male","hispanic",16,27
68713.8214822662,74.16,"male","white",12,28
47387.3987412338,61.92,"female","white",13,45
6726.27989803045,64.84,"female","white",12,63
50839.4758445206,69.09,"male","white",12,70
16876.2549458763,66.08,"female","white",16,52
1597.15669969572,60.16,"female","white",10,72
63669.1777096893,66.6,"male","white",11,67
30532.9060358347,72.94,"male","white",12,33
1572.16593140224,65.13,"female","white",18,30
30431.1013628834,76.02,"male","white",12,61
76194.4811185166,70.14,"male","white",14,80
1603.24463292152,64.18,"female","white",12,34
11764.6497529884,63,"female","black",15,26
67750.6259470432,62.96,"female","black",13,41
58555.3896194706,70.04,"male","black",12,39
53396.6981025003,71.27,"male","white",12,37
65209.056194211,65.19,"female","white",12,66
45726.0435993666,69.48,"male","white",16,79
11796.3879179728,63.48,"female","white",13,48
62409.8466161064,64.11,"female","white",12,26
90646.0181005463,63.44,"female","white",18,44
66099.8587294174,67.15,"male","white",14,34
63628.6145915168,65.82,"male","white",16,40
61399.8823919288,68.18,"female","white",13,31
32127.8412783875,64.7,"female","white",12,26
39770.21641958,66.85,"female","white",12,24
7634.39677560749,72.62,"male","white",17,27
16861.7596665136,63.68,"female","white",12,71
35655.5037806006,70.77,"male","white",12,73
39761.911260235,63.17,"female","white",16,35
445141.65084091,71.05,"male","white",16,52
1620.36571920533,62.7,"female","white",12,55
2569.54389210123,72.85,"male","white",18,29
27039.9741672906,64.92,"female","white",14,67
114520.941756877,65.94,"male","white",13,86
39766.8130949573,66.21,"female","white",12,85
52487.2837911184,59,"female","white",13,45
89002.8011626358,69.9,"male","white",16,34
101791.455674578,71.96,"male","white",16,32
90656.0827542038,64.27,"female","white",12,76
128786.72947683,65.48,"female","white",16,58
254403.087856675,69.42,"male","white",18,61
89190.5124217438,69.09,"male","white",13,32
1631.02992525723,65.85,"female","white",12,55
62665.7427372285,68.19,"female","white",12,39
1591.92666833187,64.15,"female","white",12,34
1626.62667970645,63.06,"female","white",12,64
88955.3240861495,73.86,"male","white",17,47
96687.0746773525,72.55,"male","white",16,78
76266.3511043298,67.35,"male","white",12,56
14333.450932137,64.3,"female","hispanic",12,43
376621.950756099,66.72,"male","white",18,42
76451.9144321651,69.45,"male","white",12,36
18142.3152571762,63.76,"female","white",15,35
9225.14205318552,61.71,"female","white",16,41
1578.32826467552,65.94,"female","white",8,57
58740.9405337947,69.45,"male","white",18,73
101670.656150462,67.69,"male","white",17,45
76341.2393960533,71.77,"male","white",14,43
1597.35378361794,63.09,"female","white",14,33
37212.0944923299,63.09,"female","white",12,41
39750.0677783506,68.86,"female","white",12,38
67755.8416514754,63.75,"female","white",18,40
21952.8983781958,71.45,"female","white",12,29
62655.6749294528,63.98,"female","black",16,31
-19.2267420531784,72.08,"male","white",8,24
1621.23436321928,62.27,"female","white",12,29
1582.01405922013,65.93,"female","white",10,42
13090.7684512614,65.8,"male","white",8,71
27023.6965237499,60.72,"female","white",15,29
1626.40438250347,69.1,"female","white",13,23
32160.4228114456,68.3,"female","white",16,36
1599.75262149668,65.9,"female","white",12,27
127233.655594932,67.87,"male","white",17,38
60082.9574373578,63.61,"female","white",13,30
1626.19697051134,61,"female","white",16,44
101725.754037676,65.98,"male","black",14,38
16869.8430275773,61.86,"female","black",13,30
14328.6450392253,64.86,"female","black",16,34
279868.557657629,65.81,"male","white",18,41
104143.622060853,72.05,"male","hispanic",13,36
60100.5643823702,62.95,"female","white",13,82
1600.86754516072,63.1,"female","white",12,36
53367.9111473542,69.91,"male","white",12,27
11773.6111669931,62.02,"female","white",12,33
63622.0257040088,71.11,"male","white",12,40
76264.6698798285,69.84,"male","white",18,50
37209.1508234526,64.04,"female","white",11,55
16874.0328563093,63.34,"female","white",12,39
37226.2111683115,65.03,"female","white",12,50
109538.201017785,70.81,"male","white",12,31
65200.3704317933,61.87,"female","white",15,37
101654.280395947,73.05,"male","white",12,70
165301.795541718,67.86,"male","white",17,44
40703.8550989606,76.18,"male","white",15,36
21945.4455499114,65.99,"female","white",12,75
52472.8240143779,64.02,"female","white",15,43
37214.8521734787,60.01,"female","white",14,76
114620.084620986,67.86,"male","white",12,78
21940.4259546555,61.18,"female","white",11,76
30504.8287146678,66.13,"male","white",12,32
21976.6520382069,63.02,"female","white",14,35
42304.7982029357,62.85,"female","white",15,36
15327.7530381928,73.86,"male","white",15,77
48277.8081363397,69.92,"male","white",12,36
55033.8555178725,68.26,"female","white",13,43
110991.418404588,69.64,"female","white",18,50
89063.0396804765,69.15,"male","white",15,25
20395.2677395139,69.42,"male","white",10,79
55016.7088835965,62.74,"female","white",14,45
16372.9276731717,65.15,"female","white",12,34
43332.3313592562,68.85,"male","white",12,50
60939.7152357395,68.15,"male","white",14,53
14297.5668710559,62.14,"female","white",11,75
29583.3977586322,65.91,"female","white",12,27
25472.9475278302,65.15,"male","white",13,31
101773.386885093,70.11,"male","white",14,40
1589.62471875859,66,"female","black",12,41
101767.409572807,70.06,"male","white",12,51
62661.629843453,66.36,"female","black",14,33
61099.8517478685,68.23,"male","white",16,30
50818.6882663941,67.77,"male","white",16,37
152528.871750997,69.87,"male","white",18,54
29572.5751225261,65.28,"female","white",13,51
14320.8247890762,63.91,"female","white",15,44
70270.6272671557,64.88,"female","white",16,34
226324.181461558,77.21,"male","white",16,45
101864.951744474,70.36,"male","white",14,32
39775.7042755749,64.15,"female","white",16,30
4129.66870401088,63.83,"female","white",14,24
1597.96287474702,62.04,"female","white",12,32
57592.288549115,64.2,"female","white",12,64
32137.8807292766,63.93,"female","white",8,52
57550.1492494122,63.09,"female","white",16,32
103331.123286487,57.94,"female","black",12,60
1590.91832468823,66,"female","white",12,62
103359.93024628,62.1,"female","white",16,48
1592.77767925516,60.97,"female","white",13,46
90639.6277345437,63.61,"female","hispanic",14,57
19407.0694548205,64.22,"female","white",12,32
37211.9250903811,61.35,"female","white",12,41
39758.8232164262,64.06,"female","white",12,60
1595.29638483073,66.31,"female","black",14,35
16858.9063505478,66.3,"female","white",13,38
29586.3411964373,68.48,"female","black",12,45
27031.7945351035,63.71,"female","white",13,35
1606.53067473234,62.42,"female","white",12,63
50842.8013836018,71.11,"male","white",14,45
19411.6370168042,62.1,"female","white",12,77
96703.0145096726,67.95,"male","white",9,50
73720.056626925,67.96,"male","white",9,62
52470.9321269448,62.48,"female","white",10,48
21962.3636813003,63,"female","white",12,61
91488.4558468117,69.28,"male","white",16,55
5434.25726087574,67.46,"female","white",12,48
108425.713636242,63.84,"female","white",18,33
63528.9980837752,69.96,"male","white",12,26
33072.7610899893,69.3,"male","white",10,24
76364.9586001523,69.4,"male","black",11,55
18016.4572638006,69.05,"male","white",12,27
80472.0163665086,59.96,"female","black",12,52
39777.9501214981,66.62,"female","black",12,46
1579.44526090232,59.86,"female","white",18,45
127118.524824828,66.77,"male","white",16,53
12643.4669025963,66.39,"male","white",15,24
3128.26909946309,69.87,"female","black",12,22
37200.3170425125,63.89,"female","black",8,55
103357.530075386,59.72,"female","other",18,39
61140.6178961117,68.14,"male","white",18,40
56114.1863697155,73.49,"male","black",12,28
50771.2135232981,71.98,"male","white",8,40
52757.542819968,63.69,"female","white",12,42
30560.9802873672,66.85,"male","white",13,71
105922.699159137,66.88,"female","white",13,44
33018.3127052419,70.68,"male","black",9,54
1626.80263940061,63.23,"female","white",12,29
152679.853500496,73.21,"male","white",16,35
60935.8559029032,69.94,"male","white",16,29
96608.8991412856,69.85,"male","white",16,40
9250.18458779538,71.49,"female","white",14,31
34665.6285610907,66.05,"female","white",12,34
12629.5159284154,75.04,"male","white",12,25
52482.7353937749,59.83,"female","white",14,41
55831.907357644,71.97,"male","white",12,32
1584.58686350177,63.08,"female","black",16,27
71215.5890205726,75.11,"male","black",9,59
57573.5291470923,59.68,"female","white",12,45
76361.4802270182,72.54,"male","black",12,48
77900.6420949152,64.93,"female","black",12,36
76187.427489269,67.12,"male","white",16,35
83009.7819664446,60.77,"female","white",12,73
67726.0812695061,69,"female","white",17,47
57559.914817401,64.05,"female","white",14,38
63460.739293552,70.18,"male","white",12,37
29570.3581157584,68.24,"female","white",10,28
34653.9621847358,62.09,"female","white",12,57
27061.388286897,64.15,"female","white",15,46
1603.82773803552,67.76,"female","white",12,28
32108.8971725382,68.05,"female","white",12,49
90.2050141795658,66.18,"male","white",13,61
19397.4062838859,64.22,"female","white",11,68
144843.58051494,72.92,"male","white",14,41
91514.6083101981,73.38,"male","white",16,41
73710.6312687378,68.71,"male","hispanic",14,33
21963.4726086205,67.87,"female","white",13,23
7730.5428118471,71.34,"male","black",11,22
1584.85764542399,63.2,"female","white",12,68
52495.5624825274,66.19,"female","white",16,45
1592.76078141794,65.81,"female","white",12,40
83931.6735802669,66.22,"male","white",12,61
39783.2579431373,68.26,"female","hispanic",12,72
40672.2073954933,69.66,"male","white",12,37
14319.3631521111,62.17,"female","white",12,82
21974.0397898144,65.98,"female","white",14,47
82999.3179904522,63,"female","black",16,38
36964.4499071232,74.97,"male","white",12,28
34682.038236079,66.86,"female","white",12,33
1613.34206715755,62.22,"female","white",10,24
19415.1147652682,63.24,"female","white",9,29
128804.0512647,65.44,"female","black",18,69
32120.1799470589,68.84,"female","black",12,39
48451.9476912875,71.33,"male","white",14,65
24519.0097291507,62.23,"female","white",12,59
52470.7173786061,64.92,"female","black",12,39
139828.261121561,72.34,"male","hispanic",18,39
27024.5323136707,65.12,"female","white",12,44
34657.6120027656,62.9,"female","white",12,23
52495.4659477672,64.34,"female","white",13,35
76334.2268625226,71.9,"male","white",12,30
32119.4666209376,64.39,"female","white",12,38
67755.4662553429,70.17,"female","white",13,37
33412.2894895414,65.09,"female","white",12,31
21930.6148857493,64.38,"female","white",12,33
39762.9568401406,64.12,"female","hispanic",16,36
165238.549611222,67.05,"male","white",14,29
63568.6412454683,73.13,"male","white",10,25
20376.9346357374,73.06,"male","hispanic",14,25
38203.7562131512,65.08,"male","other",14,25
32126.8897849498,64.49,"female","white",16,44
90628.4104669056,66.91,"female","black",13,41
101692.76171004,66.58,"male","white",16,35
73783.9904722573,74.49,"male","white",12,26
39769.8681750859,62.84,"female","white",13,35
50909.797796877,74.17,"male","white",12,40
7530.59315855368,73.86,"male","black",6,66
4154.19794414326,63,"female","black",16,23
21938.3185410744,62.37,"female","black",11,27
14340.5610027222,61.96,"female","white",12,22
65202.6327257757,66.75,"female","white",16,31
50976.4395579874,69.1,"male","white",12,61
76350.9378952664,73.1,"male","white",12,38
32134.9100331893,63.03,"female","white",12,39
1615.27026015936,60.19,"female","white",12,38
27032.6384564698,67.24,"female","white",14,36
40728.3390986224,68.73,"male","white",12,23
114480.645883717,70.95,"male","white",12,33
101707.79113167,72.35,"male","white",14,58
1586.24369562781,62.95,"female","white",12,66
63501.7449046584,70.55,"male","white",14,85
49925.8505868542,63.75,"female","white",14,56
46351.2136878459,64.52,"female","white",16,34
17683.6296804378,68.13,"male","white",12,71
76315.3630348002,74.14,"male","white",12,36
47392.6442979573,62.11,"female","white",11,51
65188.8370208774,64.81,"female","white",16,51
1602.22856289237,66.42,"female","white",14,59
16856.8175033738,59.93,"female","white",5,66
178168.931987978,68.96,"male","white",18,46
39768.0567896549,61.2,"female","other",16,38
65205.3249116397,65.17,"female","white",17,37
90672.5238188579,65.88,"female","white",16,32
45784.4480112936,70.22,"male","white",16,28
71309.7295502616,72.07,"male","black",15,34
39776.5820389123,63.94,"female","hispanic",11,25
55931.3954796589,71.36,"male","hispanic",14,32
1611.53911798568,62.74,"female","white",12,33
89110.1340172847,72.86,"male","white",12,34
47399.7676609443,64.52,"female","black",15,50
89217.2263557266,67.86,"male","white",14,41
43309.1666980341,63.7,"female","black",12,25
55872.8624975947,66.03,"male","black",16,41
77915.2960578962,67.18,"female","white",16,62
44851.5300255434,64.07,"female","hispanic",12,31
65192.5467235328,64.09,"female","black",14,40
27039.6252216875,61.94,"female","white",12,55
101887.046552596,69.43,"male","white",12,41
33374.6005476709,62.89,"female","white",12,67
88996.1271960304,71.29,"male","white",15,49
1575.20034165036,61.15,"female","hispanic",16,27
267169.640124184,75.23,"male","white",12,53
254438.728739099,70.35,"male","white",18,44
53410.8383615266,68.61,"male","white",12,55
27037.7360250814,63.93,"female","white",14,60
83927.6835415349,72.05,"male","white",12,30
66167.0919013483,68.64,"male","white",18,29
154237.166988548,62.95,"female","white",10,82
45800.5275889589,71.44,"male","white",16,49
39749.0887542843,58.97,"female","white",8,65
12850.7199640721,68.31,"male","white",13,24
152592.889521157,76.73,"male","white",17,46
32125.9228647779,67.96,"female","white",14,73
71376.3241438926,70.28,"male","black",18,42
106858.4812541,69.29,"male","white",18,47
6711.07880996806,63.43,"female","white",12,37
50968.1653406794,73.14,"male","black",18,37
71360.2832992371,66.41,"male","other",15,44
25596.0729598691,72.1,"male","black",17,66
111.506388466152,65.97,"male","white",16,69
78984.3504036421,72.29,"male","black",12,35
44822.9134557336,69.15,"female","black",13,41
42284.2809858517,67.11,"female","white",12,43
90631.4347164942,65.88,"female","white",15,42
9240.64929852837,67.13,"female","white",12,30
42308.9488746354,68.29,"female","white",18,43
90654.7021326728,64.77,"female","black",15,46
70285.466338725,62.55,"female","black",17,37
63547.0843346357,68.99,"male","white",17,33
1621.03913509227,62.04,"female","white",14,82
101679.113995946,70.38,"male","white",16,45
116095.652784897,66.23,"female","white",16,47
35560.1774210139,65.96,"male","white",12,27
65182.9452346539,66.04,"female","white",14,41
101807.679704987,71.66,"male","white",12,46
86555.9819185363,68.61,"male","white",12,39
101701.576346549,65.94,"male","white",12,38
89123.6823272189,69.1,"male","white",14,32
32126.4856064994,59.9,"female","hispanic",12,55
77937.4715811019,64.89,"female","white",17,47
60099.2866849272,61.81,"female","white",12,44
6671.38809903099,66.73,"female","white",12,34
51077.1694400782,67.11,"male","white",14,29
27057.6397221683,68.29,"female","black",9,66
1594.67544376773,64.96,"female","black",6,71
154246.776609447,65.97,"female","black",16,47
30482.1446554704,74.3,"male","black",16,45
65192.1166271362,65.19,"female","white",18,65
57546.244472295,62.73,"female","black",14,77
1597.78055081794,61.64,"female","white",12,42
20460.6512889595,67.82,"male","white",17,29
6712.5380438427,65.65,"female","white",16,25
48924.0242947357,64.93,"female","white",16,30
52476.3443277125,62.44,"female","white",14,24
254366.545841216,72.74,"male","white",18,41
128812.944154339,61.91,"female","white",15,44
68650.2928346536,69.7,"male","white",12,46
4175.42510863653,57.34,"female","black",12,62
45702.8662325875,67.72,"male","white",12,24
44841.5960880005,66.98,"female","white",14,27
27018.9623326795,64.44,"female","white",12,78
35530.5938612706,69.86,"male","white",14,39
18386.9510020958,72.53,"male","white",14,70
1638.38227281158,62.99,"female","other",8,56
85543.5280778622,63.3,"female","white",17,43
58525.7877870758,65.62,"male","white",12,38
27021.9830313997,64.78,"female","white",12,45
55902.9075053554,61.12,"male","white",12,28
34655.2670260302,60.56,"female","hispanic",12,23
85535.5951655491,66.74,"female","white",12,35
91440.3885945859,72.79,"male","white",12,40
27037.8260935878,71.17,"female","black",14,36
16876.6266444024,64.19,"female","white",12,64
32144.5641050459,67.44,"female","white",12,47
27041.4938342446,61.76,"female","white",11,51
55041.2642701986,67.26,"female","white",12,49
66181.8841978502,69.02,"male","white",12,36
57587.0168658061,65.97,"female","black",12,54
60114.1988504283,65.72,"female","black",15,58
51013.2083990018,66.22,"male","white",15,28
27056.2956742843,65.99,"female","white",13,42
39719.0231790198,63.89,"female","white",12,75
17932.6260281346,71.87,"male","black",14,28
39775.0736677315,63.83,"female","white",12,42
1579.96477256489,64.33,"female","white",12,64
67743.7474231762,64.83,"female","white",16,38
25538.2836818622,71.79,"male","white",11,35
1572.68042228134,63.12,"female","white",8,61
7606.20781304549,71.2,"male","white",14,24
70261.870102248,63.72,"female","hispanic",17,45
72834.5910427578,64,"female","white",17,29
39756.9701247117,66.95,"female","white",12,31
139957.452026985,75.04,"male","white",18,34
52517.4639059989,65.68,"female","hispanic",17,30
23240.1045652438,67.11,"female","white",12,48
1599.67364842192,68.09,"female","white",12,62
76292.073849948,71.41,"male","white",16,34
1603.9037245387,61.88,"female","white",12,70
52482.0247479168,67.96,"female","white",12,35
55916.669178753,69.77,"male","white",6,79
63717.39859724,67.17,"male","white",16,30
1563.3526309992,63.77,"female","white",16,66
7613.50883393704,70.99,"male","white",8,26
42300.245558647,62.96,"female","white",12,53
1620.78929868326,64.14,"female","white",12,61
27006.1359935635,60.61,"female","black",12,43
39767.907917021,65.34,"female","black",12,32
71222.0878317256,66.96,"male","white",12,50
80022.5959452242,65.18,"male","white",14,39
241548.605279392,66.3,"male","white",18,56
96658.879584005,66.64,"male","white",12,44
76257.4803386893,73.89,"male","white",12,45
91288.9045487803,73.95,"male","white",16,46
32153.9478676066,66.07,"female","white",13,26
27054.0981173325,69.12,"female","white",16,29
116070.137630949,66.05,"female","white",18,48
101730.153045992,74.27,"male","white",16,60
54869.3135023664,71.96,"male","white",12,31
35439.2684104262,66.26,"male","white",12,66
96787.3939688854,67.04,"male","other",17,58
4130.9926426648,64.79,"female","white",12,22
35586.1935184426,65.29,"male","white",12,77
39739.6779084661,64.98,"female","white",12,35
1627.45593685509,62.58,"female","hispanic",12,67
62668.3931282795,68.21,"female","white",13,46
13058.5981780915,64.15,"female","white",16,27
47404.5508257565,63.68,"female","white",16,67
37216.8626502434,63.15,"female","white",12,24
27045.3682288184,69.06,"female","white",12,32
25773.1874753216,66.91,"female","white",12,36
29626.6940226811,63.1,"female","white",15,70
43361.3359618768,66.96,"male","white",12,71
16895.1697183675,60.23,"female","white",13,32
7955.25662702272,62.24,"female","white",11,62
101609.079027936,71.88,"male","white",16,45
1594.49878990425,67.74,"female","white",14,39
63530.2681353794,66.88,"male","white",16,43
72837.5958442818,66,"female","black",15,64
85554.2917820867,66.07,"female","black",12,49
11793.2026278795,59.64,"female","white",8,68
1570.60636980218,67.19,"female","white",12,33
10446.30029172,65.47,"male","white",16,34
65203.4284636432,69.11,"female","white",12,86
81382.3307977456,72.15,"male","white",12,32
34678.9025004581,63.41,"female","white",8,62
20317.0097556456,63.81,"male","hispanic",8,31
1580.73727444318,61.66,"female","other",17,30
1589.05290441213,64.93,"female","white",13,60
44857.5037217914,64.08,"female","white",12,42
39756.6745777574,67.41,"female","white",12,81
45744.3551644904,65.71,"male","white",13,36
30590.7996171166,73.4,"male","white",12,28
17699.5466108896,73.87,"male","white",7,53
1610.81846585238,65.63,"female","white",12,28
4655.90089214882,65.08,"female","white",14,26
-44.602910967339,72.29,"male","white",12,22
1600.35440571971,64.09,"female","white",12,22
35726.6543235776,62.91,"male","white",12,25
44846.1587500139,62.85,"female","white",12,44
76424.5450220218,66.04,"male","white",12,46
106.468537403956,72.38,"male","white",10,67
63485.6523170157,70.12,"male","white",12,57
57566.0459588162,66.07,"female","hispanic",12,37
39771.2256397456,62.92,"female","white",12,25
68741.3792085362,72.94,"male","white",12,95
52474.2792995878,63.26,"female","white",16,30
24467.6748426726,68.74,"female","white",11,38
1591.35001272,66.3,"female","white",14,28
43289.0986021245,72.35,"male","white",12,34
6150.02058531234,67.86,"female","white",12,50
47392.2641438194,64.07,"female","white",12,50
65188.1026324258,63.38,"female","white",18,46
50951.4429802725,70.34,"male","black",16,45
192384.445074597,63.8,"female","white",15,44
10489.4386357533,66.3,"female","white",12,44
93164.2290792317,60.76,"female","white",12,75
76297.2469507306,72.2,"male","white",12,29
65174.8892833851,64.77,"female","white",13,82
4149.69184517834,63.79,"female","white",14,30
152731.873988347,67.82,"male","white",12,70
89032.9246319331,73.86,"male","white",13,80
22742.8940726162,67.14,"male","white",13,37
89139.7574913498,70.13,"male","white",9,88
29580.8359060333,66.21,"female","white",10,62
30610.1688578712,70.93,"male","white",12,56
76359.3334492472,70.96,"male","white",12,47
48403.0282478627,71.1,"male","black",7,61
22682.2196047787,73.37,"male","white",9,65
76447.7758780765,75.01,"male","white",16,33
1580.8259783788,62.18,"female","white",12,37
22880.7369282874,71.72,"male","white",12,36
39775.6737173962,65.36,"female","hispanic",16,34
21940.0376358517,64.8,"female","black",12,35
27015.638910624,65.91,"female","white",10,79
83998.8404289181,72.14,"male","white",12,41
32153.4447728371,59.98,"female","hispanic",12,32
47397.9214409059,64.12,"female","white",15,41
77917.6400802955,65,"female","white",13,65
33415.714831436,64.94,"female","white",12,36
27028.5985060686,62.1,"female","black",12,40
21796.1749430222,67.76,"male","black",13,75
53371.6478391046,72.91,"male","black",14,50
1605.36755915894,62.98,"female","white",12,33
55036.2031443896,63.58,"female","white",12,81
1600.75602120558,65.81,"female","white",13,28
55022.6112611707,67.92,"female","white",17,29
1605.93046885963,63.1,"female","white",13,43
14322.2196424738,65.83,"female","white",12,56
57564.1836763024,70.85,"female","white",17,40
76393.6905039763,72.99,"male","white",14,30
1616.36645092186,64.17,"female","white",12,32
314509.742667128,61.32,"female","white",14,62
21953.0784937118,62.68,"female","white",9,49
1619.77384298064,63.12,"female","white",9,58
1591.22188911799,61.78,"female","white",8,60
6688.87367273883,64.29,"female","white",9,29
20928.3968927365,67.15,"female","white",6,66
1603.23814873957,66.59,"female","white",12,22
1587.47447654475,60.73,"female","white",18,49
27053.0510005688,63.28,"female","white",12,29
89018.5955790803,73.11,"male","white",12,52
39764.015557545,66.06,"female","white",16,61
11789.2257698824,70.2,"female","white",12,26
40799.2634566098,68.08,"male","white",8,28
2102.72939849251,66.84,"female","white",12,37
58597.299506804,74.3,"male","white",16,29
42281.5959366822,64.28,"female","white",16,31
1571.37195620437,61.11,"female","white",12,31
1595.0695995479,66.34,"female","white",12,56
16897.1461243285,59.71,"female","white",12,53
3103.79612112933,59.32,"female","white",9,50
1592.9287431486,62.15,"female","black",16,40
1593.98904109877,61.78,"female","black",14,65
1606.08663374157,61.56,"female","white",12,29
71115.8559306253,74.83,"male","other",16,38
11794.9763124992,65.92,"female","white",8,70
38252.0090878819,64.37,"male","white",12,39
38076.4021626539,71.15,"male","white",12,29
1598.78873378266,60.96,"female","white",10,39
65212.1095255075,63.02,"female","white",12,34
39755.9358570939,67.2,"female","white",12,30
101677.301785765,69.24,"male","white",11,48
76331.2190112277,69.64,"male","white",11,55
14336.4072925624,66.11,"female","white",12,33
89033.0909674837,73.98,"male","white",14,38
42315.2057125629,65.03,"female","white",14,35
72815.7840816891,63.49,"female","white",16,44
50801.0832452315,68.1,"male","white",15,46
53355.6219435328,66.19,"male","white",13,34
43278.0042970213,69.33,"male","black",12,46
62668.1961614854,59.75,"female","white",13,54
65188.4306437586,60.61,"female","white",12,79
101705.972546666,74.98,"male","white",12,50
1598.02750038426,63.01,"female","hispanic",9,27
-157.728782518269,69.12,"male","white",13,24
1588.96390727442,66.14,"female","white",16,67
21949.8078279221,63.71,"female","white",13,23
49943.5498498496,63.03,"female","hispanic",15,49
116064.267822507,66.94,"female","white",16,73
12555.9812519925,64.33,"male","black",17,37
-1.54382236465125,72.17,"male","white",14,25
62665.0875798282,62.96,"female","black",14,44
14303.7988250619,67.04,"female","white",14,23
84031.4083063573,66.08,"male","white",16,38
62637.158347756,64.56,"female","white",14,28
16838.9333381022,63.36,"female","white",13,27
230538.254934557,65.88,"female","white",14,59
1568.47839925257,64.16,"female","white",16,49
146605.514052638,64.19,"female","white",18,51
35075.7061299178,70.93,"male","white",14,58
76237.7271718928,70.72,"male","white",18,41
38095.116380717,71.85,"male","white",12,44
39777.0345745102,59.96,"female","white",14,79
78778.1832197824,69.77,"male","white",12,33
83874.9224439683,73.93,"male","white",17,44
76332.5570821438,67.96,"male","white",18,65
30640.5390962459,74.1,"male","white",12,42
12819.7585146762,74.88,"male","white",12,26
53421.278025407,67.89,"male","white",12,63
72847.9023541162,62.98,"female","white",18,50
30451.0401566853,71.81,"male","white",12,35
49931.9599268141,63.68,"female","white",12,50
16891.5248662414,63.04,"female","white",14,39
15089.7844181053,66.18,"female","white",13,64
39764.6703678117,60.98,"female","white",13,32
1595.59765581629,61.73,"female","white",12,33
43215.2155080686,72.76,"male","white",12,50
13546.3911202929,66.1,"female","black",12,82
1612.79190573853,68.26,"female","white",12,22
25799.9405882808,62.28,"female","white",12,69
4215.94279100003,65.16,"male","white",12,26
1584.13231483909,63.19,"female","white",14,47
15322.2211159793,62.32,"female","white",12,35
25427.53471658,68.15,"male","white",12,35
65191.7996235942,59.15,"female","white",15,87
1598.28071096584,62.21,"female","white",12,43
1621.63963813486,64.5,"female","white",9,67
90650.082128152,68.12,"female","white",16,47
72837.728811664,62.53,"female","white",18,48
108419.556185092,63.24,"female","white",12,44
114574.506050619,67.85,"male","white",12,62
141525.752414049,63.83,"female","white",12,55
93164.9365823198,69.89,"female","white",16,34
63772.8900720413,69.96,"male","white",10,35
48259.0869541789,72.16,"male","white",12,32
96691.067057053,69.34,"male","white",11,54
39760.3136488528,63.19,"female","white",14,41
13060.2922748297,58.09,"female","white",5,89
245817.199687358,62.98,"female","white",14,31
29596.7293833194,63.11,"female","white",12,51
22890.2891595643,72.86,"male","white",15,38
14312.8816811128,68.91,"female","white",14,28
127265.034125957,69.52,"male","white",12,55
1612.65763110494,65.89,"female","white",12,63
1574.47561089351,65.91,"female","white",16,66
16859.9437106162,64.96,"female","white",13,48
254288.747774206,72.38,"male","white",13,26
43552.0094886757,62.05,"female","white",13,50
-41.0484165854693,68.9,"male","white",12,22
81404.4418696347,71.69,"male","white",14,44
76334.9268220278,73.13,"male","white",18,45
27050.6177580139,68.19,"female","white",16,46
1603.4462351077,63.62,"female","white",12,39
39801.3946490304,65.8,"female","white",12,23
18142.9798295134,59.92,"female","white",8,87
67753.4109270928,60.31,"female","white",18,67
44805.5479480144,65.03,"female","white",12,63
57566.7203629269,62.73,"female","other",18,63
27047.997521951,64.38,"female","white",12,45
127237.578945899,70.81,"male","white",14,62
50864.4810780555,67.43,"male","white",12,39
1603.92593703662,66.78,"female","white",13,63
2626.94794529485,62.86,"female","white",12,35
42294.0472891768,64.82,"female","white",14,63
27002.2268433077,65.85,"female","white",12,70
37219.6900379717,63.38,"female","white",13,62
14296.3566037093,65.04,"female","white",15,24
101712.662988093,73.88,"male","white",16,38
14289.2552903121,67.27,"female","white",13,59
65202.8536477144,67.65,"female","white",17,51
32146.5543111794,65.17,"female","white",12,55
149172.275884488,63.72,"female","white",16,38
47411.6961382134,67.94,"female","white",16,30
2525.66850223328,64.53,"male","white",12,22
53494.2983496384,72.24,"male","white",17,51
28008.7127296515,65.73,"male","black",12,66
34660.8069047203,63.69,"female","white",12,40
1587.19299355602,63.63,"female","white",12,57
52495.4122832221,59.61,"female","other",16,92
63726.917612389,72.52,"male","black",12,39
3112.71202083395,63.78,"female","white",12,47
63510.2864985488,67.03,"male","black",14,30
91668.7949521496,68,"male","white",12,32
39766.5667288986,64.02,"female","other",13,37
10506.0114190058,66.16,"female","white",12,55
49945.1999902485,64.55,"female","white",16,38
157694.044964283,70.02,"male","white",14,58
63637.190498156,69.94,"male","white",12,46
127212.779299017,65.79,"male","white",12,56
1604.16079884995,64.24,"female","white",12,32
1602.66637169856,66.3,"female","white",13,30
101653.345168561,66.06,"male","white",12,65
66053.6145132864,74.15,"male","white",18,30
57570.4173832898,62.35,"female","white",12,52
55029.3618742459,65.53,"female","white",17,43
17150.7157991637,61.53,"female","white",12,69
77920.7760052779,64.8,"female","black",18,68
16841.9029309934,63.02,"female","white",12,82
68595.6224139725,71.38,"male","white",16,33
11805.8082656985,66.01,"female","white",16,46
12842.6332710606,62.04,"female","other",6,76
1599.80585849073,61.82,"female","white",12,80
14308.4907454516,62.97,"female","white",10,91
1633.36754835186,64.72,"female","white",9,79
114461.262931158,67.4,"male","white",18,44
47419.6287544691,60.78,"female","white",14,49
16861.991558324,65.8,"female","white",15,26
1581.05860525405,61.2,"female","white",12,53
35604.639029057,71.68,"male","white",12,28
90631.8348319341,69.27,"female","white",14,28
39763.4712428182,64.25,"female","white",16,33
32119.0703626933,62.75,"female","black",12,33
4160.69640324013,60.24,"female","white",12,51
81332.6700504014,69.42,"male","black",15,37
3833.83645874819,73.13,"male","white",12,23
9229.51205500623,65.09,"female","black",16,27
90627.8983051341,63.69,"female","white",12,46
1585.29233948201,63.03,"female","white",12,49
1597.87450823422,62.86,"female","white",16,33
177929.368101014,72.18,"male","white",15,52
55039.6196688574,66.98,"female","white",16,32
127322.467104105,68.85,"male","white",11,22
38119.0567878544,70.75,"male","white",9,25
-90.1151661368555,67.81,"male","hispanic",10,22
-105.805280748579,72.92,"male","black",12,24
24507.1836547614,65.87,"female","black",8,39
27050.0546744971,63.17,"female","black",14,29
1622.25984953394,65.3,"female","white",12,64
76385.3296640448,70.88,"male","white",12,51
40723.4142329211,72.11,"male","white",14,25
51002.5254789437,67.72,"male","white",12,55
1605.39482899818,63.82,"female","white",12,49
254393.729120659,71.83,"male","white",17,58
27023.9790480136,65.61,"female","white",12,47
89016.6150074632,66.11,"male","white",14,67
19385.4677156685,64.71,"female","white",16,35
1611.60077427536,65,"female","white",12,66
1616.74146726032,66.17,"female","white",12,56
1585.79914853047,64.87,"female","white",11,42
20354.1403738146,71.39,"male","black",14,31
27963.9588906531,74.38,"male","white",10,54
63623.2480001611,69.77,"male","white",9,51
65184.0222497632,63.82,"female","white",14,49
76433.3159696725,69,"male","white",14,52
40.8118069323021,66.02,"male","white",12,30
123699.102341048,62.62,"female","white",18,38
44866.1439726371,68.02,"female","white",12,50
1609.34155804902,70.7,"female","white",8,74
66293.8545786902,72.86,"male","white",16,28
27034.0929494419,63.35,"female","white",12,65
1593.19452731089,65.19,"female","white",11,61
152561.929601311,71.05,"male","white",18,57
57565.3784311594,65.36,"female","white",18,33
17377.7476545318,64.03,"female","white",13,87
62669.2706995525,65.22,"female","white",16,36
50862.7516870166,71.41,"male","white",14,44
19419.591723765,69.85,"female","white",14,34
-48.6776039336954,72.38,"male","black",12,23
77902.2875971613,67.71,"female","black",16,52
60101.4948370272,65.88,"female","white",18,32
52513.909904284,63.71,"female","white",12,44
9248.1178799872,66.19,"female","white",16,33
1599.40965711412,62.82,"female","white",12,35
76452.2120688312,70.35,"male","white",16,45
32121.0824864493,64.23,"female","white",14,27
1589.43358799281,66.15,"female","white",7,45
1640.02064407752,63.26,"female","white",10,41
101620.964376484,71.25,"male","white",12,42
39775.9132763258,64.02,"female","white",14,27
93160.9787773758,62.42,"female","white",16,49
27023.457791796,65.5,"female","white",12,57
1592.88718335816,63.08,"female","white",11,69
34670.7975120581,67.98,"female","white",14,52
1615.6272736727,64.88,"female","white",12,63
1617.57018511323,60.61,"female","white",14,45
27030.8536636987,61.77,"female","black",12,31
76312.3121001555,68.89,"male","black",12,41
58549.9091876011,64.16,"male","white",13,36
50932.9026652418,69.63,"male","white",17,72
49946.3564767712,64.6,"female","white",13,86
50908.818822633,61.21,"male","black",11,70
71146.3690346158,63.44,"male","black",14,67
34691.0953561232,65.14,"female","white",10,84
30591.3347766048,63.61,"male","white",12,79
50816.4955995934,69.06,"male","white",11,27
63663.1574711277,73.88,"male","white",12,34
65176.9313786504,67.8,"female","white",13,56
1606.95098546717,67.65,"female","white",12,38
1623.1207288487,64.91,"female","white",14,45
47393.5952115504,66.87,"female","white",16,44
1581.70411231789,64.71,"female","white",12,22
1592.59938806051,64.18,"female","white",18,50
16847.6010342424,62.09,"female","white",10,72
40683.8402552206,72.05,"male","white",13,27
114422.926276885,73.05,"male","white",16,42
63690.9634708163,69.94,"male","white",14,73
32117.9450368994,63.99,"female","white",14,42
6656.84968795614,67.87,"female","white",12,22
27024.9876205941,62.86,"female","white",12,22
35658.8806575595,71.18,"male","white",12,40
39763.737916685,64.41,"female","white",12,35
1592.27570403514,67.35,"female","white",11,41
27042.9223581027,59.77,"female","white",12,43
4670.60160850998,65.51,"female","white",4,68
39761.3293830603,59.01,"female","white",14,66
27041.1922529456,62.86,"female","white",13,68
5060.83665709738,66.3,"male","white",12,22
1609.62820230733,66.21,"female","white",12,39
11784.8060858408,64.7,"female","white",13,37
27030.4354336306,63.96,"female","white",14,36
5430.06399742923,65.78,"female","white",12,27
45798.6746192538,66.33,"male","hispanic",17,30
10234.0777347121,72.99,"male","white",15,28
71239.3688073341,71.76,"male","white",16,30
27062.3973164474,74.3,"female","white",14,26
9236.77133728275,65.06,"female","white",16,26
1598.77877931211,63.53,"female","white",14,35
30432.3402147386,71.06,"male","white",12,25
49916.6446025933,68.08,"female","white",13,49
1612.83494282274,61.35,"female","white",12,37
91619.385228456,69.77,"male","white",16,43
19446.4199490656,64.19,"female","white",16,63
90649.3632746024,59.16,"female","white",11,38
101613.239202216,68.27,"male","white",18,47
38233.7961534213,68.31,"male","white",14,29
21948.2651860429,69.24,"female","white",13,47
65190.4227669663,69.02,"female","white",14,59
71218.9421884715,75.02,"male","white",18,42
56089.9035893763,68.75,"male","white",14,39
54665.854106713,72.1,"male","black",13,28
9234.83383813998,68.35,"female","white",12,27
58524.0183017802,71.74,"male","white",13,32
45949.1280569845,71.88,"male","white",12,77
50734.9524881877,66.61,"male","white",16,75
42291.2381821677,63.23,"female","hispanic",12,50
38108.5499943696,68.62,"male","white",12,30
136429.831506696,62.85,"female","hispanic",17,36
66159.9173972483,71.99,"male","white",12,31
11783.2514240727,64.81,"female","other",12,32
25294.4718017645,72.98,"male","white",16,63
109328.046679507,69.06,"male","white",12,55
43409.1230605142,69.07,"male","other",14,37
11781.9158894027,60.66,"female","hispanic",12,42
127177.416787338,72.8,"male","white",15,52
141530.357119229,67.03,"female","white",18,55
72812.7661563838,62.91,"female","white",16,45
1597.48749339801,66.09,"female","white",12,52
14321.6266527865,61.87,"female","white",14,52
47383.9173039178,65.05,"female","white",13,53
53417.0386071821,71.65,"male","hispanic",15,66
32137.0995940662,66.91,"female","white",12,37
85570.9777905112,65.46,"female","hispanic",16,66
127332.755591313,71.73,"male","hispanic",13,68
16868.8095721154,65.35,"female","hispanic",9,78
42293.5131710805,63.98,"female","white",14,63
89065.1817545182,67.76,"male","white",12,54
65201.534185797,68.43,"female","white",12,47
50846.483887171,75.89,"male","white",14,30
47389.8735096562,63.28,"female","white",12,40
86451.8661378387,73.66,"male","white",14,82
63552.1870944765,67.95,"male","white",16,29
50863.2794806717,72.13,"male","white",17,81
84090.659596775,68.05,"male","white",12,73
11779.7195140329,65.15,"female","white",12,77
52514.7830987368,59.85,"female","white",8,81
101806.629895339,71.62,"male","white",16,37
37236.292529468,63.92,"female","white",14,44
32112.6826915157,68.19,"female","white",12,52
65204.457259748,60.68,"female","white",12,35
179669.165535846,67.16,"female","white",10,76
98289.9773190774,67.35,"female","white",17,59
37236.9029177646,62.89,"female","white",12,32
1609.06971371565,63.08,"female","white",15,37
39787.8311863019,59.74,"female","white",13,41
43283.7032716538,74.2,"male","white",16,35
152566.07193956,69.22,"male","white",14,70
39779.8247549115,66.82,"female","white",15,73
63612.7155360823,64.79,"male","white",16,90
45780.4638215672,62.2,"male","hispanic",12,67
-2.41499143781725,64.92,"male","white",12,59
178057.018597184,72.19,"male","white",18,51
1580.45400253694,66.04,"female","hispanic",11,53
77900.5575605827,65.16,"female","white",18,63
21941.9907882818,61.86,"female","white",12,55
76385.56559746,70.87,"male","white",16,38
1597.98941489156,62.2,"female","white",11,30
68706.2961683837,71.11,"male","white",14,36
119530.645273489,70.24,"male","white",18,47
30459.9127779939,67.15,"male","hispanic",12,26
62652.4016571926,62.05,"female","white",17,38
34663.455907859,63.05,"female","hispanic",12,39
205147.267558606,60.94,"female","white",14,41
12696.7916906569,71.42,"male","white",12,22
1603.05061233227,64.92,"female","white",12,32
65217.4584919909,63.15,"female","white",10,64
71252.9760062683,66.12,"male","white",12,48
21913.2045604576,64.1,"female","white",15,24
27009.5997305458,65.96,"female","white",13,55
24474.7685820997,68.23,"female","white",14,45
52455.7235621933,60.26,"female","white",12,41
30485.7105680664,65.21,"male","white",12,75
39766.7690255387,64.69,"female","white",14,70
52463.0074658005,60.64,"female","white",14,40
72841.1799922019,64.01,"female","white",14,40
2291.66555799322,65.79,"female","white",15,25
89109.6828053597,68.99,"male","white",14,78
67746.4897328464,65.93,"female","hispanic",14,36
70294.1249069058,66.67,"female","white",17,38
37221.1940010003,68.63,"female","white",12,34
81454.2353301621,65.76,"male","white",16,37
27050.153662493,68.97,"female","white",14,36
17794.4452239954,69.72,"male","white",16,34
71187.875612993,71.03,"male","white",17,50
152640.89757082,73.8,"male","white",13,58
30481.3307077926,68.91,"male","white",4,66
1621.64196465141,65,"female","white",13,67
1593.2504542269,65.21,"female","white",12,50
39772.0485327139,74.88,"female","white",13,79
38180.8197203029,71.57,"male","white",11,67
67715.317937971,64.12,"female","white",15,36
1588.61707530047,58.99,"female","black",12,47
-79.3561987705987,70.96,"male","other",12,24
66061.4769389149,71.91,"male","hispanic",16,29
49228.5537761854,63.23,"female","black",10,40
1602.39686826493,68.29,"female","black",12,26
32127.2918836794,63.8,"female","black",12,77
203562.559444757,69.95,"male","white",17,43
123695.25269617,66.06,"female","white",13,43
45720.6169016344,62.05,"male","other",16,31
216220.299014362,70.25,"male","white",15,69
90652.1730011831,64.13,"female","black",12,51
12843.4965058978,68.63,"male","white",16,26
24495.1523290378,63.81,"female","hispanic",13,26
77933.0865972263,66.66,"female","white",16,31
203643.98798433,72.18,"male","white",14,62
90628.751379816,65.09,"female","white",16,36
32135.4708533624,62.95,"female","white",14,38
508718.604728098,70.24,"male","white",18,38
11801.481134982,63.98,"female","white",16,49
5119.94120837467,68.07,"male","white",12,22
62670.5600871878,66.02,"female","white",18,73
5005.4407267809,65.48,"male","hispanic",15,27
38252.9317253984,70.4,"male","white",17,34
16852.9663942178,61.49,"female","white",12,69
12591.7713415978,65.83,"male","white",12,79
5401.3108917583,65.86,"female","hispanic",12,25
72815.0384687446,63.86,"female","white",18,52
24464.3905892194,69.81,"female","white",12,39
152644.255799218,74.25,"male","white",14,56
3022.62541306693,66.1,"male","white",12,23
5159.09772131502,62.09,"female","hispanic",3,68
19412.0044315165,65.95,"female","white",13,47
55037.7286986669,62.01,"female","white",12,35
111945.940621685,68.9,"male","white",12,62
73830.1565146373,68.08,"male","black",16,40
7627.35355799458,72.33,"male","hispanic",14,22
30537.799171945,64.04,"male","black",13,26
1582.20584231712,64.1,"female","black",16,23
1601.10098660077,59.57,"female","hispanic",9,43
50975.8463263011,72.28,"male","hispanic",12,32
4660.18697028902,61.72,"female","black",5,77
94100.0887648974,74.52,"male","white",16,29
20354.5094435469,65.93,"male","other",10,64
88954.5976752269,68.04,"male","hispanic",16,34
63500.3525383333,61.89,"male","other",14,41
47361.280421264,71.22,"female","white",10,33
77917.6277217654,62.99,"female","black",16,40
50820.0311632782,68.73,"male","white",18,73
30682.1347008702,70.83,"male","hispanic",6,44
1606.31710297174,64.17,"female","hispanic",12,69
27037.046361539,66.07,"female","white",12,72
45748.1847655797,72.31,"male","white",14,52
1577.86516591803,62.46,"female","hispanic",15,63
50989.5669445043,71.49,"male","black",12,30
80469.3528670807,67.94,"female","white",16,47
15234.2269626079,64.41,"male","hispanic",10,40
1606.73564391917,64.37,"female","white",12,42
30552.4184725349,69.52,"male","white",13,44
34675.9344454968,65.56,"female","white",16,37
67747.4814878797,67.01,"female","white",17,38
39771.9061767307,67.82,"female","black",11,35
77910.5986683064,64.07,"female","white",17,32
6718.80771533765,65.01,"female","white",14,45
12601.9693945569,69.78,"male","other",13,26
136398.854206778,71.28,"female","white",14,30
1589.97727721189,63.83,"female","white",12,40
6654.45315451714,61.54,"female","white",13,22
63660.1942559794,70.48,"male","white",17,33
12890.6160194462,73.65,"male","white",12,22
55011.318442313,64.86,"female","white",13,31
44861.3726300531,70,"female","white",15,31
32139.2702338854,63.81,"female","white",13,41
106834.806285246,70.25,"male","hispanic",14,48
53468.0333662269,74.3,"male","white",12,37
16851.1810026651,63.14,"female","hispanic",12,69
1591.22519441272,59.23,"female","hispanic",12,50
63665.1881560514,73.85,"male","white",14,28
9204.97219633045,66.17,"female","white",14,23
10756.2902879228,64.94,"female","white",15,71
10197.7881097245,70.59,"male","white",12,23
51006.9656431046,69.07,"male","white",14,62
132338.805381394,60.14,"male","white",15,54
154250.818122733,64.37,"female","white",12,47
39743.4237460374,63.84,"female","white",13,45
228865.134162194,72.27,"male","white",16,54
67758.7100949146,61.38,"female","white",14,69
1621.26147567523,62.68,"female","hispanic",13,36
5045.37064468216,69.16,"male","white",12,25
42295.2041712574,66.82,"female","white",12,65
62665.4863044565,65.15,"female","hispanic",11,31
38249.1030536229,67.55,"male","hispanic",16,32
106832.623437411,74.1,"male","white",17,47
1612.50681780237,62.35,"female","white",15,52
27043.5834444984,64.83,"female","white",12,47
43271.0383760656,70.96,"male","hispanic",13,40
77923.4833495378,64.03,"female","white",14,38
1601.41702908208,64.92,"female","white",16,26
82998.7341935277,68.84,"female","white",17,41
93175.3295444867,63.6,"female","hispanic",17,38
25385.1629240008,71.9,"male","hispanic",13,24
52467.2863273574,63.12,"female","white",15,33
62656.2536078384,64.93,"female","white",12,33
43269.8752835747,72.12,"male","white",12,36
60147.6987758384,64.49,"female","white",14,52
65196.7448190494,63.91,"female","white",12,37
127365.530342146,71.36,"male","white",12,54
1610.35184331155,63.48,"female","white",14,43
52470.2592103424,61.82,"female","white",12,34
77909.1239261539,66.01,"female","white",16,37
19420.2823451221,63.95,"female","white",10,43
17881.7054997355,66.99,"male","white",10,82
76438.8035563827,67.79,"male","white",11,36
9217.88054935195,66.38,"female","white",12,28
52478.6315104074,65.97,"female","white",14,47
103372.738994623,65.68,"female","white",16,63
25439.0450481563,67.02,"male","white",12,81
40578.9254062574,66.1,"male","white",12,41
29572.7314940522,63.27,"female","white",9,55
42292.6183307222,67.89,"female","white",13,47
45831.2001568752,70.32,"male","white",12,31
32104.132378333,62.98,"female","white",16,30
10167.74740281,70.09,"male","black",14,25
152666.570877528,71.92,"male","white",12,49
109486.276892851,74.92,"male","white",17,44
80478.4820677288,61.97,"female","white",14,43
128829.455001555,67.98,"female","white",17,43
70271.8309490706,68.18,"female","white",14,33
76339.9054961811,69.85,"male","white",17,60
30692.1718893003,73.26,"male","black",13,25
1579.62420998346,69.01,"female","white",16,43
52476.8818816403,62.37,"female","white",17,34
39758.7092707474,60.3,"female","black",12,80
65212.6961230962,64.17,"female","other",16,41
6694.75629547696,60.19,"female","hispanic",6,71
7609.17841275606,72.94,"male","hispanic",15,24
281442.325756509,65.9,"female","other",18,52
139958.35004544,68.82,"male","white",18,75
147528.953769478,69.62,"male","white",18,57
27048.892561757,70.08,"female","white",16,40
48277.408581277,71.68,"male","white",12,33
39765.6312218766,61.31,"female","white",18,86
21937.0740986283,63.64,"female","white",12,37
152681.623056465,71.65,"male","white",12,54
15320.738970952,68.22,"male","white",12,31
